titulo;autores;anio;Línea prioritaria de investigación ECAP;tipo;estado;latitud;longitud;resumen
Actualización del balance hídrico del embalse Salve Faccha;John Satuquinga;2025;Manejo de embalses;Apoyo a investigacion;En curso;-0.230391;-78.154659;El avance tiene por objeto actualizar el balance hídrico del embalse Salve Faccha, dentro del Parque Nacional Cayambe-Coca. Considera la cuantificación de precipitación, aportes de entrada y salida, evaporación, transpiración y variaciones de almacenamiento, con análisis de eventos y cálculos mensuales. El producto esperado es un balance actualizado que identifique la disponibilidad y los componentes que controlan el embalse, como apoyo para la operación y la gestión del agua.
Actualización del modelo de distribución de recursos hídricos WEAP para la cuenca alta del río Guayllabamba y unidades hídricas aportantes de agua para el Distrito Metropolitano de Quito (DMQ);Alexander Bryan Rocha Villafuerte;2019;Hidrología;Apoyo a investigacion;En curso;-0.266817;-78.484937;El proyecto propone actualizar el modelo WEAP de distribución de recursos hídricos para la cuenca alta del río Guayllabamba y las unidades que abastecen al Distrito Metropolitano de Quito. Prevé recopilar y depurar información hidrometeorológica, de oferta, demanda e infraestructura, e incorporar escenarios de disponibilidad. Entregará una estructura de modelación actualizada y resultados de simulación que permitan analizar asignación, déficit y alternativas de manejo. El documento es un avance de perfil y no reporta resultados finales.
Análisis de la variabilidad espacio-temporal de la precipitación y su relación con las proyecciones de cambio climático en las zonas Antisana-Papallacta;Cristina Aguirre;2026;Cambio climático y global;Apoyo a investigacion;En curso;-0.336482;-78.152731;El trabajo busca caracterizar la variabilidad espacial y temporal de la precipitación y de los extremos climáticos en las zonas Antisana-Papallacta, y contrastarla con proyecciones de cambio climático y con el modelo SEI-WEAP. Reúne registros de 2010 a 2024 de 26 estaciones FONAG-EPMAPS, aplica control de calidad, pruebas de homogeneidad y análisis de tendencias, y compara interpolaciones Kriging e IDW. Sus productos esperados son series depuradas, mapas y diagnósticos de extremos que respalden la gestión hídrica.
Análisis de riesgo territorial en la cuenca Rumipamba mediante clasificación de cobertura y uso de suelo con UAV y SIG;Xavier Marcelo Mena Vela;2026;Análisis Socioeconómicos y Ambientales;Apoyo a investigacion;En curso;-0.168164557;-78.52537089;La investigación propone analizar el riesgo territorial de la cuenca Rumipamba mediante clasificación de cobertura y uso de suelo con imágenes UAV y SIG. Combina fotogrametría, clasificación supervisada SVM y variables topográficas, hidrológicas y ambientales, integradas mediante evaluación multicriterio AHP. El producto esperado es un mapa de riesgo y áreas prioritarias para la planificación territorial y la prevención de impactos. Aunque la fuente contiene conclusiones, se conserva el estado literal En curso del inventario.
Análisis espacial del almacenamiento de carbono orgánico en las turberas altoandinas del humedal Jatunhuayco, Área de Conservación Hídrica Antisana, Ecuador;Gabriela Raquel Núñez Caiza;2026;Cambio climático y global;Apoyo a investigacion;En curso;-0.480461;-78.229146;El trabajo propone analizar el almacenamiento espacial de carbono orgánico en las turberas altoandinas del humedal Jatunhuayco, en el Área de Conservación Hídrica Antisana. Considera muestreos georreferenciados de suelo, determinación de carbono orgánico y densidad aparente, y elaboración de mapas de variación. Se esperan una estimación de reservas y un diagnóstico de la heterogeneidad del carbono que sirva como línea base para la protección y manejo del humedal.
Caracterización y análisis de la composición de isotopos estables en ecosistemas fuentes de agua, dentro de áreas de interés hídrico, desde las que se abastece el Distrito Metropolitano de Quito, gestionadas por el FONAG;Verónica Guamán (responsable FONAG/EPMAPS);2026;Hidrología;Apoyo a investigacion;En curso;-0.401728;-78.311662;El perfil busca caracterizar la composición de isótopos estables de agua, deuterio y oxígeno-18, en ecosistemas fuente administrados por FONAG que abastecen al Distrito Metropolitano de Quito. Prevé muestrear precipitación y caudales en sitios de Antisana y Alto Pita, y comparar sus firmas isotópicas. Los productos esperados son una línea base isotópica, identificación de relaciones entre lluvia y escorrentía y evidencia para interpretar el origen y la dinámica del agua.
Determinación de la composición bacteriana del suelo y su relación con la sequía inducida, en el páramo del Volcán Antisana, Ecuador;Andrii Caisabanda Tyshkovskyi;2023;Ecología de páramo;Apoyo a investigacion;En curso;-0.495384;-78.205438;La investigación plantea determinar cómo la sequía inducida modifica la composición bacteriana del suelo en el páramo del volcán Antisana. El ensayo excluye la lluvia en parcelas durante cinco meses y contrasta suelo intervenido y control mediante humedad, variables fisicoquímicas y secuenciación 16S para diversidad alfa y beta. Como producto se espera establecer una línea de evidencia sobre la respuesta microbiana a la reducción de humedad y su utilidad para comprender la vulnerabilidad del ecosistema.
Dinámicas metabólicas en ríos altoandinos bajo condiciones hidrológicas contrastantes;Paola Fuentes (responsable FONAG/EPMAPS);2026;Hidrología;Apoyo a investigacion;En curso;-0.394692;-78.323841;La necesidad de investigación plantea describir las dinámicas metabólicas de ríos altoandinos bajo contrastes hidrológicos en el Área de Conservación Hídrica Antisana. Usará registros de alta frecuencia de oxígeno disuelto y dióxido de carbono en siete estaciones, junto con variables hidrometeorológicas, para calcular métricas metabólicas siguiendo referencias publicadas. Se espera una caracterización de la producción y respiración fluvial, su variabilidad estacional y una base para el monitoreo ecológico. El libro incluye una hoja auxiliar con errores de fórmula.
Diversidad funcional y patrones de actividad de mamíferos medianos y grandes en el Refugio de Vida Silvestre APH Ponce-Paluguillo, Pichincha-Ecuador;Rachell Nayomi Fonseca Vinueza;2024;Ecología de páramo;Apoyo a investigacion;En curso;-0.310089;-78.234808;El estudio busca documentar la diversidad funcional y los patrones de actividad de mamíferos medianos y grandes en el Refugio de Vida Silvestre APH Ponce-Paluguillo, Pichincha. Plantea una red de estaciones de cámaras trampa y análisis de registros de presencia y actividad por especies y hábitats. Se esperan inventarios, métricas de diversidad y patrones temporales que apoyen el monitoreo y las decisiones de conservación del refugio. El archivo incluye secciones de resultados, pero su resumen institucional permanece como plantilla.
El legado de Humboldt en su viaje por Ecuador desde redes subterráneas: mapeo de comunidades de hongos micorrízicos;Jessica Duchicela;2025;Ecología de páramo;Apoyo a investigacion;En curso;-0.871322;-78.548681;La nota conceptual propone reconstruir el legado del recorrido de Humboldt mediante el mapeo de comunidades de hongos micorrízicos en un gradiente altoandino entre Chimborazo, Antisana y Pichincha. Prevé muestreo estandarizado de suelos a distintas altitudes y análisis de ADN de hongos micorrízicos arbusculares y ectomicorrízicos. Los productos esperados son mapas de distribución, una línea base de biodiversidad subterránea y evidencia para conservación y restauración de ecosistemas altoandinos.
Evaluación de la variabilidad espacio temporal del índice de calidad del agua (ISQA) de los ríos Antisana y Jatunhuayco ubicados en el páramo del Antisana pertenecientes al proyecto La Mica-Quito Sur en el año 2025;Roberto Antonio Tarabata Andrango;2025;Hidrología;Apoyo a investigacion;En curso;-0.483109;-78.230424;El plan de titulación busca evaluar la variabilidad espacial y temporal del índice de calidad del agua ISQA en los ríos Antisana y Jatunhuayco, pertenecientes al sistema La Mica-Quito Sur, durante 2025. Prevé campañas de tres meses para medir parámetros físicos y químicos, calcular el índice y comparar sitios y fechas. Entregará valores de ISQA, un diagnóstico de variabilidad y una línea base para el seguimiento y manejo de las fuentes de agua.
Modelación de la dinámica térmica y del oxígeno disuelto en el embalse de Páramo Salve Faccha mediante CE-QUAL-W2;"Ana Lizeth Juma Anrango; Camila Johanna Muñoz Arroba";2025;Manejo de embalses;Apoyo a investigacion;En curso;-0.230342;-78.152424;El perfil plantea modelar la dinámica térmica y de oxígeno disuelto del embalse Salve Faccha mediante CE-QUAL-W2. Integra información meteorológica, hidrológica, morfométrica y de calidad de agua, y prevé calibrar y validar el modelo con indicadores como RMSE, MAE y R². El resultado esperado es una simulación de perfiles y variaciones espacio-temporales de temperatura y oxígeno que ayude a identificar condiciones críticas para la gestión del embalse.
Modelización del balance hídrico en la cuenca hidrográfica Jatunhuayco de la laguna La Mica, a fin de establecer una propuesta de gestión integrada para la conservación hidrográfica;"Erika Tatiana Guzmán Cuascota; Diego David Usiña Freire";2025;Hidrología;Apoyo a investigacion;En curso;-0.483445;-78.235714;El avance propone modelar el balance hídrico de la cuenca Jatunhuayco, vinculada a la laguna La Mica, para sustentar una gestión integrada de conservación. Reunirá datos de precipitación, caudales, evapotranspiración, almacenamiento y cobertura, con análisis espacial y herramientas como Google Earth Engine. Se esperan estimaciones de disponibilidad y déficit, identificación de componentes críticos y una propuesta de manejo orientada a conservar la función hidrográfica de la cuenca.
Modelo hidrológico de validación de la representatividad de cobertura de estaciones hidrometeorológicas en las fuentes de abastecimiento del embalse La Mica-Quito Sur;Carlos Andrés Ramos Durán;2025;Hidrología;Apoyo a investigacion;En curso;-0.539739;-78.225229;El plan propone validar si la cobertura de estaciones hidrometeorológicas representa las fuentes de abastecimiento del embalse La Mica-Quito Sur. Considera control y completado de series, análisis exploratorio, interpolación Kriging e IDW y contrastes con limnimetría y aforos de campo en Antisana y Jatunhuaycu. Se esperan mapas de representatividad, evaluación de incertidumbre y recomendaciones para mejorar la red y los insumos de modelación hidrológica.
A kernel-based strategy to design Convolutional Neural Network Architecture for learning spatial and temporal representation of weather variables;Juan Fernando González Vergara;2021;Cambio climático y global;Apoyo a investigacion;Finalizado;-0.205461;-78.495872;El artículo propuso una estrategia basada en kernels para diseñar arquitecturas de redes neuronales convolucionales que aprendan representaciones espaciales y temporales de variables meteorológicas. Utilizó datos de dos estaciones, análisis de correlación, PCA y RReliefF, y comparó SVM, CNN y LSTM para clasificación, regresión y pronóstico inmediato. Los resultados mostraron que RReliefF superó a PCA en selección de variables, aunque el conjunto completo estandarizado produjo los mejores desempeños de predicción.
Análisis de diferentes medios y condiciones de cultivo en la composición del fitoplancton, con énfasis en cianobacterias;Ana Gabriela Ortega Montero;2024;Ecología de páramo;Apoyo a investigacion;Finalizado;-0.181659;-78.484579;"El trabajo evaluó cómo distintos medios y condiciones de cultivo modifican la composición del fitoplancton, con énfasis en cianobacterias. Ensayó medios BG11 y BG110 en presentaciones líquida, sólida y semisólida, bajo diferentes condiciones de incubación, y registró los géneros desarrollados. En BG11 sólido y semisólido se identificaron 11 géneros; el medio BG110, sin nitrógeno, no favoreció el crecimiento esperado. Los resultados orientan el aislamiento y monitoreo de comunidades fitoplanctónicas."
Análisis de la concentración y distribución espacial de parámetros físicos en el embalse Salve Faccha;"Edison Javier Jácome Alarcón; Karen Elisa Velásquez Moreta";2018;Manejo de embalses;Apoyo a investigacion;Finalizado;-0.2326333;-78.1568;El trabajo analizó la concentración y distribución espacial de parámetros físicos en el embalse Salve Faccha con registros de 2002 a 2016 y campañas de campo. Procesó temperatura, oxígeno disuelto, conductividad, sólidos, pH y turbidez mediante perfiles, isolíneas y representaciones tridimensionales. Identificó un comportamiento térmico cíclico, periodos de mayor calentamiento y estratificación, y condiciones de bajo oxígeno en profundidad asociadas con procesos de consumo de oxígeno.
Análisis de las variaciones morfométricas y batimétricas del embalse La Mica para el período 2007-2018;"Andrés Felipe Jordán Carrión; Dayanna Lissette López Armijos";2019;Manejo de embalses;Apoyo a investigacion;Finalizado;-0.544107;-78.227424;El estudio comparó la morfometría y batimetría del embalse La Mica entre 2007 y 2018. Levantó datos de profundidad, generó mapas y curvas nivel-volumen, y contrastó métodos de interpolación de vecino natural y TIN para representar el fondo. El trabajo actualizó los parámetros físicos del embalse y determinó que ambos interpoladores ofrecieron los menores errores medios cuadrados, con desempeño muy cercano, aportando información para operación, seguimiento y evaluación trófica.
Análisis in vitro del crecimiento de microalgas del fitoplancton en diferentes medios de cultivo y condiciones de incubación;Cecilia Coralía Núñez Alberca;2024;Ecología de páramo;Apoyo a investigacion;Finalizado;-0.180822;-78.482612;El estudio analizó el crecimiento in vitro de microalgas del fitoplancton bajo distintos medios y condiciones de incubación. Comparó BBM y Nitrofoska, fotoperiodos, rangos de pH y presencia de aireación, con evaluación de los taxones cultivados. El medio BBM, pH 7 a 9, fotoperiodo 18:6 y aireación favorecieron el crecimiento. También distinguió microorganismos más resistentes y generó criterios para seleccionar condiciones de cultivo y apoyar el monitoreo de embalses.
Análisis probabilístico de la variabilidad espacio-temporal del humedal Pugllohuma utilizando imágenes radar de apertura sintética de la misión Sentinel-1;Paul David Carchipulla Morales;2020;Ecología de páramo;Apoyo a investigacion;Finalizado;-0.502223;-78.214027;"El trabajo analizó la variabilidad espacio-temporal del humedal Pugllohuma mediante imágenes radar Sentinel-1 y modelos probabilísticos. Integró información SAR con variables topográficas y climáticas para estimar condiciones de saturación y evaluar sus controladores. Los resultados señalaron que la variación temporal se relacionó principalmente con el día del año, la temperatura y la precipitación, mientras que la elevación explicó la distribución espacial; otras variables atmosféricas mejoraron la capacidad predictiva."
Application of Neural Network Models and ANFIS for Water Level Forecasting of the Salve Faccha Dam in the Andean Zone in Northern Ecuador;"Pablo Páliz Larrea; Xavier Zapata-Ríos; Lenin Campozano Parra";2021;Manejo de embalses;Apoyo a investigacion;Finalizado;-0.231683;-78.155398;El artículo evaluó redes neuronales y ANFIS para pronosticar niveles de agua diarios del embalse Salve Faccha, en los Andes del norte de Ecuador. Probó horizontes de uno a seis días, selección de variables, retrasos temporales y configuraciones de los modelos con datos hidrometeorológicos. Los resultados mostraron buen desempeño de la red neuronal con hasta 13 retardos y menos de 30 nodos, mientras ANFIS alcanzó resultados comparables hasta cuatro días de anticipación.
Calibración de sensores de humedad del suelo con validación de campo: calibración sensor de humedad de suelo M5028;Sebastián Ramiro Proaño Ordóñez;2024;Hidrología;Apoyo a investigacion;Finalizado;-0.483309;-78.390714;El estudio calibró el sensor de humedad de suelo M5028 y validó su desempeño en campo. Caracterizó el suelo en laboratorio, relacionó contenido volumétrico de agua y permitividad eléctrica, y comparó la curva obtenida con datos históricos de la estación. La ecuación de calibración resultó concordante con las mediciones de laboratorio y validación de campo, por lo que puede sustituir a la ecuación de Topp, la cual subestimó el contenido volumétrico de agua en esa estación.
Caracterización de parámetros morfológicos y germinativos de semillas de Calceolaria crenata Lam. en Bosques Andinos del Ecuador;Sophia Alejandra Polit Ramos;2025;Restauración de la cobertura vegetal;Apoyo a investigacion;Finalizado;-0.306833333;-78.23225;El estudio caracterizó parámetros morfológicos y germinativos de semillas de Calceolaria crenata recolectadas en el Área de Protección Hídrica Ponce Paluguillo. Midió atributos de frutos y semillas, aplicó pruebas de viabilidad con tetrazolio, desinfección y germinación in vitro. La viabilidad más alta alcanzó 94 % y el tratamiento con ácido giberélico, 25 °C y fotoperiodo 16:8 logró 29,62 % de germinación. El trabajo estandarizó insumos para conservación en banco de semillas.
Caracterización de parámetros morfológicos y germinativos de semillas de Solanum colombianum Dunal en Bosques Andinos del Ecuador;Heidy Leonela Haro Pilco;2025;Restauración de la cobertura vegetal;Apoyo a investigacion;Finalizado;-0.308154;-78.231735;El estudio caracterizó semillas de Solanum colombianum en bosques andinos del Ecuador para apoyar su conservación y propagación. Evaluó frutos y semillas mediante medidas morfológicas, pruebas de viabilidad con tetrazolio, desinfección y ensayos de germinación in vitro. El trabajo documentó atributos de semilla y su respuesta a los tratamientos, generando información para bancos de germoplasma y protocolos de propagación. Los resultados se presentan como base para optimizar fases posteriores de reproducción y restauración.
Caracterización de principios activos del género Hypochaeris mediante técnicas analíticas en Bosques Andinos del Ecuador;Louisana Del Pilar Paillacho Duque;2025;Ecología de páramo;Apoyo a investigacion;Finalizado;-0.306351261;-78.23156235;El estudio caracterizó principios activos del género Hypochaeris en bosques andinos del Ecuador, usando raíces, hojas y flores de H. sessiliflora recolectada en Ponce Paluguillo. Aplicó maceración con distintos solventes, cromatografía en capa fina y reacciones colorimétricas. El etanol al 99,5 % fue el solvente con mejor desempeño y se registraron bandas asociadas a diversos metabolitos. El trabajo recomienda técnicas analíticas complementarias para identificar con precisión los compuestos.
Caracterización de principios activos del género Polylepis mediante técnicas analíticas en Bosques Andinos del Ecuador;Luis Esteban Cuichan Cuichan;2025;Ecología de páramo;Apoyo a investigacion;Finalizado;-0.308726;-78.232961;"El estudio caracterizó principios activos del género Polylepis en bosques andinos, a partir de material recolectado en Ponce Paluguillo. Realizó extracción por maceración y separación mediante cromatografía en capa fina, complementada con reveladores para identificar grupos de metabolitos. El extracto etanólico produjo señales útiles para diferenciar compuestos y la cromatografía permitió separar fracciones; el trabajo recomienda análisis instrumentales posteriores para confirmar la identidad de los principios activos."
Caracterización fenotípica de microalgas y cianobacterias del fitoplancton de los embalses Succus y Mogotes;Johana Elizabeth Tipanta Betancourt;2022;Manejo de embalses;Apoyo a investigacion;Finalizado;-0.258947;-78.149738;El estudio caracterizó fenotípicamente el fitoplancton de los embalses Succus y Mogotes durante una temporada seca, por ser fuentes de agua para el Distrito Metropolitano de Quito. Realizó muestreos puntuales y estratificados, identificación microscópica y análisis de bioindicadores de estado trófico. Registró 30 taxones en Succus y 39 en Mogotes, y estableció una línea base de biodiversidad y monitoreo. Recomienda campañas de al menos seis meses para evaluar abundancia, dominancia y migración.
Caracterización fenotípica de microalgas y cianobacterias del perifiton de los ríos aportantes del embalse altoandino Mogotes (Parque Nacional Cayambe-Coca), Ecuador;Emilio Rafael Jarre Saltos;2022;Manejo de embalses;Apoyo a investigacion;Finalizado;-0.276449;-78.141773;El trabajo caracterizó fenotípicamente microalgas y cianobacterias del perifiton de ríos aportantes al embalse altoandino Mogotes, en el Parque Nacional Cayambe-Coca. Aplicó muestreo de perifiton, identificación microscópica y análisis de los organismos como indicadores de condición trófica. El estudio produjo un inventario de taxones y rasgos ecológicos asociados, útil como línea base para vigilancia de la calidad del agua. Recomienda ampliar el monitoreo temporal para capturar la variabilidad de estas comunidades.
Caracterización fenotípica de microalgas y cianobacterias del perifiton de los ríos aportantes del embalse Succus;Kimberly Elizabeth Guapi Albán;2022;Manejo de embalses;Apoyo a investigacion;Finalizado;-0.243613;-78.160842;"El trabajo caracterizó fenotípicamente microalgas y cianobacterias del perifiton de ríos aportantes al embalse Succus mediante muestreos y observación microscópica, relacionando los taxones con el estado trófico. Identificó rasgos funcionales como adhesión, producción de mucílago y fijación de nitrógeno; 53,85 % de los taxones presentó alguna de estas adaptaciones. El estudio generó una línea base de bioindicadores y recomendó ampliar el monitoreo para interpretar la dinámica del embalse."
Caracterización hidrogeológica con determinación de la conductividad hidráulica del humedal Pugllohuma;Myriam Nathaly Yugsi Zambrano;2018;Hidrogeología;Apoyo a investigacion;Finalizado;-0.502034563;-78.21446016;El estudio caracterizó hidrogeológicamente el humedal Pugllohuma, en la Reserva Hídrica Antisana, y estimó su almacenamiento de agua y conductividad hidráulica. Integró datos de estaciones FONAG, EPMAPS e INAMHI, cartografía geológica, balance hídrico y ensayos de infiltración de doble anillo. Determinó una precipitación media anual de 752,6 mm, morfología casi plana y escurrimiento lento que favorece la infiltración. Los resultados respaldan la conservación y restauración del humedal altoandino.
Caracterización hidrogeológica de las microcuencas 1, 2 y 3 de la unidad hídrica Jatunhuaycu;Henry Santiago Játiva Varela;2018;Hidrogeología;Apoyo a investigacion;Finalizado;-0.466629681;-78.23182255;"El estudio caracterizó hidrogeológicamente las microcuencas 1, 2 y 3 de la unidad hídrica Jatunhuaycu. Integró cartografía geológica, inventario de puntos de agua, datos meteorológicos e hidrológicos, análisis físico-químicos y balance hídrico para construir un modelo conceptual. Identificó zonas de recarga y descarga y estimó condiciones de funcionamiento de las microcuencas; la información reúne una base técnica para manejo y conservación de la unidad hídrica."
Caracterización hidrogeológica en el área de conservación hídrica Ponce Paluguillo;Hernán Michael Núñez Zambrano;2019;Hidrogeología;Apoyo a investigacion;Finalizado;-0.343254259;-78.217452;El estudio caracterizó la hidrogeología del Área de Conservación Hídrica Ponce Paluguillo mediante cartografía geológica y de permeabilidad, inventario de fuentes, análisis hidroquímicos y datos de precipitación. Elaboró un modelo conceptual para explicar circulación, recarga y descarga en la subcuenca Carihuaycu. El trabajo identificó unidades geológicas y zonas funcionales de agua subterránea, pero advierte limitaciones por la escasez de ensayos y parámetros locales, por lo que sus estimaciones sirven como referencia inicial.
Caracterización molecular de Polylepis racemosa Ruiz and Pav. y Polylepis incana Kunth. mediante marcadores moleculares en Bosques Andinos del Ecuador;Angie Vanessa Pinzón Ordóñez;2025;Ecología de páramo;Apoyo a investigacion;Finalizado;-0.306666667;-78.23305556;"El estudio caracterizó molecularmente Polylepis racemosa y P. incana mediante extracción de ADN, PCR y evaluación de los marcadores matK, ITS y rbcL. Comparó protocolos de extracción y tamaños de amplicones para definir su utilidad taxonómica. CTAB 2X entregó ADN de mayor pureza; matK mostró baja diferenciación entre especies y rbcL no amplificó, mientras que ITS estuvo condicionado por la poliploidía. Recomienda clonación y secuenciación de alelos para profundizar la resolución."
Cuantificación de carbono en el suelo del Bosque Siempreverde y el Herbazal del Páramo del Área de Conservación Hídrica Paluguillo (Pifo, Pichincha);Chaquira Camila Romoleroux Cajas;2019;Cambio climático y global;Apoyo a investigacion;Finalizado;-0.310334;-78.231302;El estudio cuantificó carbono en el suelo de herbazal de páramo y bosques de Polylepis pauta y P. incana del Área de Conservación Hídrica Paluguillo, Pifo. Determinó porcentaje de carbono, densidad aparente y densidad de carbono para establecer una línea base de reservas. Encontró diferencias significativas entre coberturas y mayor porcentaje de carbono en los primeros 20 cm del suelo. Los resultados sustentan acciones de restauración, reforestación y conservación basadas en la función de almacenamiento de carbono.
De los páramos a la urbe: historia ambiental, fuentes de agua y gobernanza más que humana para la ciudad de Quito, Ecuador;Radamés Villagómez-Reséndiz;2025;Análisis Socioeconómicos y Ambientales;Apoyo a investigacion;Finalizado;-0.180734;-78.467926;El artículo reconstruyó la transición de las políticas de agua de Quito desde antecedentes coloniales y republicanos, la hidráulica municipal y la gestión integrada, hasta formas recientes de gobernanza ambiental. Mediante análisis de discursos, corpus legales e historia ambiental de larga duración, examinó la infraestructura, el agua y el páramo en la hoya de Guayllabamba. Concluyó que FONAG articula conservación hídrica y ambiental y constituye un referente innovador de política pública y gobernanza.
Desarrollo de una metodología para la evaluación de saturación del humedal Pugllohuma mediante el uso de UAVs;Gabriela Alejandra Espinel Enríquez;2019;Ecología de páramo;Apoyo a investigacion;Finalizado;-0.501093967;-78.21313282;El estudio desarrolló una metodología para evaluar la saturación del humedal Pugllohuma con vehículos aéreos no tripulados. Generó un modelo de microtopografía a partir de 2.950 imágenes de un UAV de ala fija, con resolución aproximada de 6 cm, y lo contrastó con información de campo y satelital. La caracterización estimó un área de 174.330 m² y pendiente media de 3,3 %, y dejó un procedimiento reproducible para monitorear condiciones de saturación.
Determinación de zonas de amenaza de inundación en caso de falla de una presa de gravedad de hormigón mediante análisis probabilístico y modelación hidrológica e hidráulica. Caso de estudio: Presa Rumilona ubicada en la ciudad de Quito;"Diana Guerra; Jairo Tapia";2025;Manejo de embalses;Apoyo a investigacion;Finalizado;-0.160183;-78.524283;El estudio delimitó zonas de amenaza por inundación ante una falla de la presa de gravedad Rumilona, en Quito. Combinó análisis probabilístico de lluvias con periodos de retorno, modelación hidrológica HEC-HMS y simulación hidráulica de rotura con HEC-RAS y McBreach. Los escenarios generaron caudales pico superiores a 300 m³/s y mostraron alta exposición de áreas urbanas cercanas a la presa, información útil para gestión del riesgo y planes de emergencia.
Establecimiento in vitro de Draba obovata Benth. con miras a procesos de restauración ecológica en el Área de Conservación Hídrica Antisana;Andrea Estefanía Cañadas Rivadeneira;2022;Restauración de la cobertura vegetal;Apoyo a investigacion;Finalizado;-0.481388889;-78.14083333;"El estudio estableció un protocolo in vitro para Draba obovata, orientado a la restauración ecológica en el Área de Conservación Hídrica Antisana. Probó tratamientos de desinfección, germinación y regulación de crecimiento en medio MS. El uso de detergente al 2 %, etanol al 70 % y hipoclorito de sodio al 2,5 % evitó contaminación y oxidación; el medio MS con sacarosa logró 86,67 % de germinación, y BAP más AIA promovió la mayor proliferación de brotes."
Establecimiento in vitro de Werneria nubigena Kunth con miras a procesos de restauración ecológica en el Área de Conservación Hídrica Antisana;Karol Denisse Balseca Campaña;2022;Restauración de la cobertura vegetal;Apoyo a investigacion;Finalizado;-0.481736878;-78.23257407;"El trabajo desarrolló un protocolo de establecimiento in vitro de Werneria nubigena con fines de restauración ecológica en el Área de Conservación Hídrica Antisana. Evaluó desinfección, germinación y medios de cultivo a partir de semillas. El tratamiento con detergente al 2 %, etanol al 75 % y cloro al 6 % logró ausencia de contaminación y 50 % de germinación; la remoción de la testa y el medio MS suplementado con AG3 mejoraron la respuesta germinativa."
Estimación del impacto de los incendios en las propiedades físico-químicas e hidrológicas del suelo de páramo mediante trabajo experimental;Jefferson Armando Avellaneda Espinel;2021;Ecología de páramo;Apoyo a investigacion;Finalizado;-0.341284155;-78.61799269;El estudio estimó los efectos del fuego sobre propiedades físico-químicas e hidrológicas de suelos de páramo mediante experimentos con bloques de suelo y comparación de muestras quemadas y no quemadas. Midió humedad, temperatura, escorrentía, percolación, nutrientes y balance hídrico, en el contexto del incendio de 2018 en el cerro Atacazo. La quema experimental no produjo variación del contenido volumétrico de agua durante el evento, y el balance de la muestra quemada evidenció predominio de escorrentía.
Estudio de la diversidad genética de Polylepis racemosa Ruiz & Pav. y Polylepis incana Kunth. mediante marcadores moleculares en Bosques Andinos del Ecuador;Lisbeth Elizabeth Cuenca Chasi;2025;Ecología de páramo;Apoyo a investigacion;Finalizado;-0.305555556;-78.23166667;El trabajo estudió la diversidad genética de Polylepis racemosa y P. incana en bosques andinos del Ecuador mediante extracción de ADN, PCR con marcadores ISSR y análisis de agrupamiento, coordenadas principales y AMOVA. El protocolo CTAB modificado permitió obtener ADN de calidad. Se registró 73,87 % de bandas polimórficas y tres agrupaciones genéticas, con alta diferenciación y bajo flujo génico, resultados útiles para orientar la conservación de estas poblaciones.
Estudio de la evolución del nivel de trofía del embalse Mogotes (1997-2018);"Jhonatan Gustavo Cevallos Rodríguez; Cristina Vanessa Pozo Landa";2020;Manejo de embalses;Apoyo a investigacion;Finalizado;-0.275056556;-78.13949448;El estudio examinó la evolución del nivel de trofía del embalse Mogotes entre 1997 y 2018. Actualizó la batimetría mediante transectos y mediciones con RiverSurveyor M9, calculó parámetros morfométricos y contrastó información histórica y actual de clorofila, nutrientes, turbidez y variables fisicoquímicas. El trabajo integró estos indicadores para describir el estado trófico y su cambio temporal, dejando una referencia para el monitoreo del embalse altoandino.
Evaluación de la concentración y distribución espacial de nutrientes en el embalse La Mica;"Juan Gabriel Enríquez Guerrero; Máximo Israel Poma Quijije";2019;Manejo de embalses;Apoyo a investigacion;Finalizado;-0.543074828;-78.22592302;El trabajo evaluó la concentración y distribución de nitrito, nitrato, nitrógeno amoniacal y ortofosfato en el embalse La Mica. Integró registros de 1997 a 2016 con muestreos de campo, perfiles verticales e isolíneas para analizar cambios estacionales y espaciales. Encontró variación de nutrientes según época y ubicación, con mayores concentraciones durante mayo-julio para varios parámetros, y generó una base de comparación para el monitoreo de calidad y estado trófico del embalse.
Evaluación de la concentración y distribución espacial de nutrientes en el embalse Salve Faccha;"Adrián Alejandro Anchundia Samaniego; Katerinne Micaela Vergara Estrada";2018;Manejo de embalses;Apoyo a investigacion;Finalizado;-0.229064636;-78.1541545;El estudio evaluó nutrientes en el embalse Salve Faccha mediante registros históricos de 2002 a 2016, mediciones de campo y perfiles verticales de nitrito, nitrato, nitrógeno amoniacal y ortofosfato. Elaboró isolíneas y mapas de distribución para comparar variación temporal y espacial. El análisis identificó zonas de mayor concentración y episodios inusuales en la serie, proporcionando una base para seguir la calidad del agua y los procesos de enriquecimiento de nutrientes en el embalse.
Evaluación de la eficiencia de tres activadores biológicos aplicados a pilas de compostaje ubicadas en la comunidad de San Francisco de Cruz Loma;"Gianni Carolina Défaz Visuete; Henry Alejandro Gualoto Simbaña";2020;Análisis Socioeconómicos y Ambientales;Apoyo a investigacion;Finalizado;-0.18234179;-78.53758245;El estudio evaluó tres activadores biológicos aplicados a pilas de compostaje en la comunidad de San Francisco de Cruz Loma. Comparó suero, fermento de alfalfa y microorganismos eficientes autóctonos con controles, monitoreando temperatura, pH, humedad y madurez en 12 pilas. El seguimiento permitió contrastar la eficiencia de los tratamientos y reportó obtención de compost maduro en 15 semanas, aportando una alternativa de aprovechamiento de residuos orgánicos comunitarios.
Evaluación de la ocupación de hábitat y comportamiento del oso andino (Tremarctos ornatus) en el Refugio de Vida Silvestre APH Ponce Paluguillo, Pichincha-Ecuador entre los años 2022 y 2024;Lenin Fernando Urrutia Merchan;2025;Ecología de páramo;Apoyo a investigacion;Finalizado;-0.306587781;-78.23251523;El estudio evaluó la ocupación de hábitat y el comportamiento del oso andino en el Refugio de Vida Silvestre APH Ponce Paluguillo entre 2022 y 2024. Instaló 13 estaciones de cámaras trampa en cinco ecosistemas de páramo y analizó visitas, actividad y ocupación con modelos de una temporada y SIG. Registró diferencias de comportamiento por sexo y mayor frecuencia de visitas en Faccha y Niguanchi, aportando insumos para conectividad y conservación.
Evaluación de la variación de la calidad del agua en la cuenca alta del río Pita;Marcelo Fernando Amores Palma;2019;Hidrología;Apoyo a investigacion;Finalizado;-0.619938913;-78.38153308;El trabajo evaluó la variación de la calidad del agua en la cuenca alta del río Pita a partir de 19 años de registros, cinco estaciones de monitoreo y el índice canadiense CCME. Analizó relaciones espacio-temporales entre calidad y cantidad de agua en sectores alto, medio y bajo. Los resultados mostraron mejor condición en la cabecera, deterioro en el tramo medio y recuperación parcial aguas abajo, evidenciando la influencia de los usos y presiones de la cuenca.
Evaluación del estado del humedal Pugllohuma, perteneciente al Área de Conservación Hídrica Antisana (ACHA), mediante el análisis de índices espectrales de imágenes capturadas desde una aeronave no tripulada (UAV);Kevin Alejandro Palma Castro;2020;Ecología de páramo;Apoyo a investigacion;Finalizado;-0.500285;-78.216706;El estudio evaluó el estado del humedal Pugllohuma, en el Área de Conservación Hídrica Antisana, a partir de topografía e índices espectrales obtenidos con UAV. Planificó vuelos con sensores RGB y multiespectral, generó productos fotogramétricos y mapas de agua para caracterizar unas 25 ha. Identificó zonas bajas con alta capacidad de acumulación y una vegetación circundante húmeda y en buen estado. Propuso validar y extender la metodología en otras épocas y humedales andinos.
Evaluación del impacto de los hongos micorrícicos arbusculares (AM) autóctonos y exógenos en el desarrollo de plantas de Polylepis incana Kunth;Karen Yesenia Suntaxi Cruz;2025;Restauración de la cobertura vegetal;Apoyo a investigacion;Finalizado;-0.306712;-78.232187;El estudio evaluó el efecto de hongos micorrícicos arbusculares autóctonos y exógenos sobre plántulas de Polylepis incana en la Reserva Hídrica Ponce Paluguillo. Comparó tratamientos con ambos inóculos y sin micorrizas, midiendo biomasa, longitud, esporas y colonización, con pruebas ANOVA y Kruskal-Wallis. El tratamiento exógeno incrementó significativamente las esporas de 7,17 a 9,70 por gramo de suelo, mostrando mayor capacidad de propagación que el autóctono en el periodo evaluado.
Exploración del producto satelital de precipitación IMERG V06 como insumo para la hidrología: determinación de curvas intensidad-duración-frecuencia (IDF) sub-diaria y diaria;Luis Marcelo Vargas Domínguez;2023;Hidrología;Apoyo a investigacion;Finalizado;-0.181394;-78.472193;El trabajo evaluó el producto satelital IMERG V06 como insumo para construir curvas intensidad-duración-frecuencia subdiarias y diarias entre 2000 y 2021. Comparó series de 30 minutos y resolución 0,1° con estaciones del Distrito Metropolitano de Quito y otras regiones, aplicando análisis de extremos y ajuste probabilístico. El desempeño dependió de las condiciones fisiográficas y climáticas: IMERG tendió a subestimar intensidades de corta duración y a sobreestimarlas en duraciones largas, limitando su uso directo en diseño hidrológico.
Impacto de la práctica del enduro en las propiedades hidrofísicas del suelo en el páramo de la cuenca alta del río Cinto;"Valeria Alegría Cadena de la Espriella; Lizeth Alejandra Yánez Catota";2019;Ecología de páramo;Apoyo a investigacion;Finalizado;-0.177553405;-78.55428309;"El estudio evaluó el impacto del enduro en las propiedades hidrofísicas del suelo de páramo en la cuenca alta del río Cinto. Comparó zonas intervenidas y no intervenidas mediante mediciones de densidad aparente, porosidad, conductividad hidráulica y retención de agua. Los resultados evidenciaron compactación en las áreas afectadas, con disminución de microporos, capacidad de retención y conductividad, y aumento de densidad aparente; estos cambios favorecen escorrentía y erosión."
Impacto de los incendios en las propiedades hidrofísicas y químicas del suelo, volcán Atacazo;Michelle Gabriela Quintana Buitrón;2021;Ecología de páramo;Apoyo a investigacion;Finalizado;-0.344524;-78.61744;El estudio cuantificó el impacto del incendio de septiembre de 2018 sobre las propiedades hidrofísicas y químicas de suelos de páramo del volcán Atacazo. Comparó microcuencas quemada y no quemada, dos profundidades, coberturas de pajonal y almohadilla y un gradiente altitudinal, con ensayos de laboratorio y campo. El diseño detectó diferencias significativas en varios parámetros, especialmente en las partes alta y media del gradiente, y aportó una base espacial para evaluar afectación por incendios.
Lateral Transport of Carbon due to Soil Erosion by Rainfall Simulation in the Northern Páramos of Ecuador;Rommel Patricio Arboleda Ruales;2019;Cambio climático y global;Apoyo a investigacion;Finalizado;-0.397425;-78.252671;La tesis evaluó transporte lateral de carbono y erosión del suelo bajo lluvia simulada en páramos del norte del Ecuador. Comparó usos y alteraciones del suelo, incluidos pajonal, agricultura, barbecho, pastizal, extracción de suelo y áreas afectadas por oleoducto, con intensidad promedio de lluvia de 10,5 mm/h. Los resultados identificaron como prioritarias para monitoreo y restauración las zonas con minería de suelo, remoción por oleoducto y pastoreo, por su mayor vulnerabilidad a degradación y erosión.
Micropropagación in vitro de Astragalus geminiflorus, una especie adaptada a zonas con degradación de suelo y endémica del Ecuador;Juan José Herrera Montenegro;2019;Restauración de la cobertura vegetal;Apoyo a investigacion;Finalizado;-0.480548;-78.23081;"El trabajo desarrolló un esquema de micropropagación in vitro de Astragalus geminiflorus, especie endémica adaptada a suelos degradados. Comparó explantes de campo y semillas, tratamientos de desinfección, medios de cultivo, enraizamiento y sustratos de aclimatación. Las semillas resultaron el material inicial más apropiado; la desinfección con hipoclorito de sodio al 1 % redujo contaminación de explantes. El protocolo aporta insumos para multiplicación y restauración de poblaciones en ambientes degradados."
Participatory management: Guayllabamba case study;Claudia Prehn Garcés;2019;Análisis Socioeconómicos y Ambientales;Apoyo a investigacion;Finalizado;-0.250818;-78.474326;El estudio de caso analizó la gestión participativa del agua en la cuenca Guayllabamba, Ecuador, enfocándose en interacciones, perspectivas y relaciones entre instituciones públicas, ONG y asociaciones de usuarios. Aplicó un diseño mixto emergente con entrevistas, encuesta y observación directa. Identificó fricciones derivadas de cambios institucionales y de planes percibidos como técnicos y abstractos, y mostró la importancia del diálogo entre actores para volver más práctica la gestión del agua.
Respuesta hídrica de suelos de páramo bajo diferentes niveles de degradación, estudio de caso a escala de parcela;Luis Enrique Quinteros Maldonado;2017;Hidrología;Apoyo a investigacion;Finalizado;-0.48224323;-78.23330096;El trabajo analizó la respuesta hídrica de suelos de páramo bajo distintos niveles de degradación en la unidad Jatunhuaycu, al oeste del nevado Antisana. Consideró un arenal de 21 ha asociado a pastoreo ovino y combinó mediciones de propiedades hidrofísicas, monitoreo de lluvia y análisis de erosión a escala de parcela. La conductividad hidráulica saturada varió entre niveles de degradación y mostró infiltración rápida en varios escenarios, información relevante para interpretar pérdida de regulación y aporte de sedimentos.
Simulación de la hidrología de la cuenca Humboldt del volcán Antisana;Jean Carlos Ruiz Hernández;2015;Hidrología;Apoyo a investigacion;Finalizado;-0.520409916;-78.22359028;El trabajo simuló la hidrología de la cuenca Humboldt del volcán Antisana sin considerar el aporte glaciar. Implementó el modelo físico DHSVM con modelo digital de elevación, cobertura vegetal, tipo y espesor de suelo, red de drenaje y datos meteorológicos, y calibró y validó caudales observados. Validó la representación de caudal base y respuesta a lluvias, y propuso parámetros de suelo y vegetación útiles para investigaciones futuras, aunque reconoce limitaciones de datos meteorológicos multianuales.
Sounds of Regeneration: Structural and Bioacoustic Characteristics of Paramo, Primary Forest, and Secondary Forest in the High Elevation Tropical Andes;Alyssa Killingsworth;2025;Ecología de páramo;Apoyo a investigacion;Finalizado;-0.517583;-78.235406;El proyecto comparó características estructurales y bioacústicas de páramo, bosque primario y bosque secundario de los Andes tropicales de gran altitud. Realizó transectos de vegetación y registró sonidos con unidades autónomas, incorporando variables de cobertura, pendiente, temperatura y humedad y análisis estadísticos. Encontró diferencias estructurales entre coberturas y relaciones entre la actividad sonora y las condiciones del hábitat. Propone ampliar el muestreo para precisar patrones de regeneración.
Wetland monitoring technification for the Ecuadorian Andean region based on a multi-agent framework;"Esteban Valencia; Iván Changoluisa; Kevin Palma; Patricio Cruz; Deyanira Valencia; Paul Ayala; Victor Hidalgo; Diego Quisi; Nelson Jara; Diana Puga";2022;Ecología de páramo;Apoyo a investigacion;Finalizado;-0.502555;-78.212197;El artículo desarrolló y validó un marco multiagente de monitoreo de humedales altoandinos que combina mediciones de campo, imágenes satelitales y ortomosaicos de UAV. Lo aplicó en el humedal Pugllohuma, Área de Conservación Hídrica Antisana, mediante procesamiento RGB, índices multiespectrales y análisis topográfico. El esquema de imagen RGB estimó 36 % de área saturada, cercano al 39,27 % obtenido con referencia multiespectral, y ofrece una alternativa de bajo costo para monitoreo periódico y escalable.
Caracterización morfológica y molecular del agente causal de la pudrición radicular de pajonal (Calamagrostis fibrovaginata);Kevin Sebastian Bejarano Coronel;2026;Ecología de páramo;Becas;En curso;-0.499116667;-78.21825167;Esta investigación en curso busca caracterizar al agente asociado a la pudrición radicular de Calamagrostis fibrovaginata en el páramo de Antisana. Trabaja con aislamientos obtenidos de plantas afectadas, cultivos en PDA, microscopía de estructuras asexuales, amplificación de ITS, β-tubulina y TEF1-α, filogenia de máxima verosimilitud y ensayos de patogenicidad en plantas sanas e inoculadas. Se esperan una identificación taxonómica sustentada y evidencia experimental sobre el papel patogénico del aislado, útiles para comprender el deterioro del pajonal.
Diseño de la cadena de valor para el vivero de Yunguilla y Cruz Loma adaptada a los distintos métodos de propagación empleados en su producción para optimizar procesos y recursos;Xiomara Milena Yepez Franco;2026;Economía Ecológica y Economía Ambiental;Becas;En curso;-0.182913;-78.567421;El proyecto analiza la cadena de valor de plantas nativas en los viveros comunitarios Las Tolas, en Gualea, y San Francisco de Cruz Loma, en las faldas del Rucu Pichincha. Con un diseño mixto, observacional y transversal para datos de 2025, integra entrevistas, observación, registros administrativos, mapeo de flujos, cálculo de costos y comparación con un vivero comercial. Se espera identificar actores, costos y precios mínimos viables, así como proponer acciones 5W2H y B2B para fortalecer sostenibilidad, diversificación y comercialización.
Análisis comparativo del estado ecológico de la vegetación acuática en dos humedales altoandinos del volcán Antisana;Maria Gracia Portilla Rivadeneira;2019;Ecología de páramo;Becas;Finalizado;-0.489631;-78.216805;"Comparó el estado ecológico de la vegetación acuática en los humedales Patugllana y Pugllohuma, al pie del volcán Antisana, durante épocas lluviosa y seca de 2018–2019. Identificó plantas acuáticas y algas filamentosas, y relacionó su composición con parámetros físico-químicos, nutrientes, hierro y sulfatos. Registró 17 especies de plantas y ocho géneros de algas; Patugllana tuvo mayor riqueza y Pugllohuma mayor cobertura de algas filamentosas. En época seca ambos humedales perdieron casi toda su agua y cambiaron fuertemente su estructura."
Análisis de la calidad de agua en las áreas de conservación hídrica del FONAG para la evaluación de la eficacia de las estrategias de protección y conservación hídrica;Michelle Jazmín Parra Pedraza;2020;Análisis Socioeconómicos y Ambientales;Becas;Finalizado;-0.509635;-78.273149;Analizó la calidad de agua y la integridad ecológica de ríos de las Áreas de Conservación Hídrica Alto Pita, Antisana y Ponce Paluguillo, para evaluar estrategias de FONAG entre 2014 y 2019. Comparó sitios gestionados y controles mediante parámetros físico-químicos, microbiológicos, biológicos y de hábitat, incluyendo ICA, TSI, EPT, ABI y ASPT-E. Los ríos dentro de las áreas manejadas mostraron mejor calidad y menores fósforo total, fosfatos, DBO5 y coliformes fecales que los controles. La evidencia respalda efectos positivos de reducir presión ganadera y recuperar cobertura vegetal.
Análisis de la concentración y distribución de parámetros físico químicos del embalse Salve Faccha;Andrea Estefania Llumiquinga Suntaxi;2022;Manejo de embalses;Becas;Finalizado;-0.36518;-78.172931;Analizó la concentración y distribución de parámetros físico-químicos en el embalse Salve Faccha, reservorio altoandino que aporta agua al abastecimiento de Quito. Combinó datos históricos, registros de una hidroboya multiparamétrica y muestreos mensuales, usando climogramas Walter-Lieth, rosas de viento, mapas de calor e isolíneas verticales para examinar la columna de agua. Identificó estratificaciones térmicas leves a 2,75 y 7,50 m y químicas entre 5 y 10 m durante la época relativamente seca, influenciadas por el viento, sin anoxia ni estratificación marcada.
Análisis de la concentración y distribución espacial de parámetros físicos en el embalse La Mica;"Andrea Paulina López Cando; Andrés Vinicio Yar Hernández";2019;Manejo de embalses;Becas;Finalizado;-0.543074828;-78.22592302;"Analizó la distribución temporal y espacial de parámetros físicos en el embalse La Mica, Napo, usando registros históricos de EPMAPS y siete campañas de muestreo con 15 puntos a distintas profundidades. Se elaboraron isolíneas anuales y gráficos tridimensionales para oxígeno disuelto, temperatura, pH, conductividad, sólidos, turbidez, color y clorofila-a. El embalse presentó estratificación térmica leve entre noviembre y mayo, mezcla completa de junio a octubre y una transparencia principalmente influida por clorofila-a; entre 1998 y 2018 la temperatura media disminuyó."
Análisis del modelo de gestión de agua potable comunitaria de Yunguilla, parroquia Calacalí, perteneciente al cantón Quito, provincia de Pichincha, Ecuador;Gabriela Elizabeth Camino Nuñez;2026;Análisis Socioeconómicos y Ambientales;Becas;Finalizado;-0.004326;-78.584211;Analizó la sostenibilidad del modelo comunitario de agua potable de Yunguilla, parroquia Calacalí, a partir de sus dimensiones técnica, económica, sociocultural y ambiental. Empleó entrevistas a profundidad, encuestas de hogares, observación, cartografía social y grupos focales, sistematizados con una matriz de cuádruple resultado. Encontró una organización comunitaria consolidada y una infraestructura funcional, pero con tuberías y válvulas deterioradas, turbidez estacional, dependencia de un técnico y falta de fondo de emergencia. El estudio plantea fortalecer mantenimiento, relevo técnico y gestión financiera.
Caracterización del uso de hábitat de tres especies de roedores en páramos de la Reserva Ecológica Antisana;Ariatna José Villarreal Jaramillo;2019;Ecología de páramo;Becas;Finalizado;-0.47715;-78.22013056;"Caracterizó el uso de hábitat, desplazamiento y actividad de Akodon mollis, Phyllotis haggardi y Thomasomys paramorum en cuatro transectos de páramo de la Reserva Ecológica Antisana. Integró caracterización florística, captura e identificación de roedores, rastreo de movimientos y análisis de diversidad. A. mollis se asoció con pajonal y Chuquiraga, P. haggardi con áreas abiertas y Plantago rigida, y T. paramorum con arbustales. Las especies compartieron nidos, comederos y refugios, pero mostraron preferencias diferenciales; el bajo tamaño muestral limita confirmarlas estadísticamente."
Caracterización física y climatológica de la cuenca alta, media y baja de los ríos Machángara, Monjas y San Pedro del Distrito Metropolitano de Quito;"Yulexi Nicolle Resabala Loor; Darwin Mauricio Tipan Guano";2025;Hidrología;Becas;Finalizado;-0.230794;-78.506778;"Caracterizó las cuencas alta, media y baja de los ríos Machángara, Monjas y San Pedro del DMQ para identificar zonas vulnerables y óptimas de manejo. Integró morfometría, clima, cobertura y uso del suelo mediante QGIS, RStudio y datos de estaciones meteorológicas 2019–2023. Las cuencas presentan formas alargadas y densidades de drenaje bajas a moderadas, pero las zonas altas son más susceptibles a escorrentía, erosión y deslizamientos. Machángara y Monjas muestran urbanización acelerada en zonas medias y bajas; San Pedro conserva mayor cobertura natural."
Caracterización isotópica de un evento de crecida sobre la microcuenca 1 del río Jatunhuaycu;Luis Felipe Silva Palmay;2019;Hidrología;Becas;Finalizado;-0.488580457;-78.23934858;Caracterizó las señales de δ18O y δ2H de lluvia, escorrentía y agua de dos niveles de suelo durante una crecida en la microcuenca 1 del río Jatunhuaycu, en los páramos de Cuscungo. Combinó monitoreo hidrológico y análisis isotópico para separar agua de evento y preevento. Las señales del suelo se relacionaron con la escorrentía, mientras la precipitación no fue su fuente directa principal. La fracción de preevento representó entre 89 % y 99 % del caudal, indicando predominio de agua almacenada en el sistema.
Caracterización morfológica y molecular del agente causal de la muerte descendente en el árbol de papel (Polylepis incana);Ariana Ivette Zumba Montalvo;2026;Ecología de páramo;Becas;Finalizado;-0.499092;-78.214425;Caracterizó el agente de la muerte descendente de Polylepis incana en el Área de Conservación Hídrica Ponce Paluguillo mediante cultivo, microscopía, genes ITS, β-tubulina y TEF1-α, filogenia multilocus y ensayos de patogenicidad en plantas control e inoculadas. El aislado UCEFCAAZ-F1 fue identificado como Fusarium proliferatum con alta probabilidad filogenética. Las plantas inoculadas alcanzaron 61 % de severidad final, mientras los controles permanecieron asintomáticos, confirmando patogenicidad y vinculando el hongo con la enfermedad observada.
Caracterización morfométrica cuencas laderas del Pichincha: caracterización morfométrica cuenca Rumipamba;Jordan Daniel Loachamin Quinatoa;2025;Hidrología;Becas;Finalizado;-0.185304;-78.519281;"Caracterizó morfométricamente la cuenca Rumipamba, en las laderas del Pichincha, mediante trabajo de campo y procesamiento cartográfico. Delimitó el área, instaló nueve puntos de control y ejecutó un vuelo de dron DJI Mavic 3M con más de 5.000 imágenes; generó un DEM y ortomosaico en Agisoft Metashape y calculó parámetros con QGIS y SAGA GIS. La cuenca, de 577 ha, mostró forma alargada, pendiente media de 37,9°, densidad de drenaje de 2,2 km por km² y potencial de escorrentía rápida y erosión."
Contaminación por microplásticos en lagos tropicales altoandinos: perspectivas sobre su origen y distribución en zonas remotas;Mariuxi de los Angeles Ramos Araujo;2022;Análisis Socioeconómicos y Ambientales;Becas;Finalizado;-0.392246;-78.152676;"Cuantificó y caracterizó microplásticos en agua superficial y sedimentos de cinco lagos altoandinos tropicales del sistema Papallacta–Oyacachi, entre 3.848 y 4.245 m s. n. m. Analizó abundancia, tamaño, color, forma y composición polimérica, y examinó posibles fuentes locales y atmosféricas. Registró en promedio 10 ± 5 partículas por m³ en agua y 2.838 ± 1.489 partículas por kg en sedimentos; predominaron fibras y películas, y celofán, polietileno y polipropileno. El documento señala pesca, campismo, senderismo y vientos amazónicos como posibles vías de aporte."
Desarrollo del Enfoque de Múltiples-Hipótesis para la Conceptualización de Procesos Hidrológicos en una cuenca de Páramo Andino del Norte del Ecuador usando Modelos de Lluvia-Escorrentía;"Magaly Estefanía García González; Karla Tatiana Reinoso Luzuriaga";2022;Hidrología;Becas;Finalizado;-0.496249;-78.253563;Desarrolló y contrastó hipótesis conceptuales de procesos hidrológicos para dos microcuencas de páramo de la unidad Jatunhuaycu, usando modelos lluvia–escorrentía. Calibró y evaluó configuraciones de reservorios, funciones de transferencia y criterios de eficiencia e información para reproducir caudales observados. Las microcuencas, aunque cercanas y de tamaño similar, requirieron conceptualizaciones distintas: tres reservorios en paralelo con pérdida para M2 y tres reservorios en paralelo para M3. Los resultados sugieren efectos relevantes de geología, flujos rápidos y lentos, e infiltración profunda.
Determinación de perímetros de protección para las captaciones de agua subterránea de los sistemas acuíferos del Distrito Metropolitano de Quito como herramienta de gestión del recurso hídrico;Felipe Sebastián Castillo Realpe;2017;Hidrogeología;Becas;Finalizado;-0.184665;-78.488304;"Delimitó zonas vulnerables a contaminación y perímetros de protección para captaciones de agua subterránea de los sistemas acuíferos del Distrito Metropolitano de Quito. Aplicó DRASTIC en ArcGIS, lo contrastó con GOD y diseñó perímetros mediante Wyssling y Jacobs & Bear, considerando fuentes potenciales de contaminación. DRASTIC estimó 1.886,6 ha de vulnerabilidad baja y 707,46 ha alta; las áreas más vulnerables se ubicaron, entre otras, en San José del Inca, La Magdalena, La Santiago, El Pintado, Solanda y Las Cuadras. Recomienda DRASTIC para el medio urbano."
Efecto de la hidrología sobre el contenido de Carbono Orgánico Disuelto (DOC) en cuatro turberas altoandinas con diferentes grados de intervención;Geordy Alexander Guerrero Minaya;2022;Cambio climático y global;Becas;Finalizado;-0.518977;-78.284006;Analizó los controles topográficos e hidrometeorológicos del carbono orgánico disuelto en cuatro turberas altoandinas con distintos niveles de intervención, ubicadas en Antisana y Alto Pita. Relacionó concentraciones de DOC con precipitación, temperatura, color, sólidos disueltos y condiciones de drenaje. La topografía no explicó las concentraciones y los controles fueron específicos de cada sitio: precipitación en Jatunhuaycu y Tungurahua, precipitación previa al muestreo en Chamilco, y precipitación junto con drenaje en Pugllohuma. Recomienda monitoreo más prolongado para apoyar manejo y restauración.
Efecto de la morfología de las cuencas sobre la dinámica espacio temporal de humedales alto andino;David Ismael Guaña Caiza;2022;Hidrología;Becas;Finalizado;-0.385827;-78.147369;Determinó la variación espacio-temporal del área superficial de humedales altoandinos y su relación con la morfología de cuencas en el sistema Ñucanchi Turubamba, Papallacta–Oyacachi. Procesó imágenes SAR Sentinel-1 en Google Earth Engine con clasificación Otsu, calculó área inundada, frecuencia de inundación y parámetros geomorfológicos, y aplicó PCA y agrupamientos. La extensión inundada varió de 0,6 % a 42,6 % de las cuencas y el máximo ocurrió en mayo. Identificó tres grupos de cuencas con comportamientos de inundación diferenciados.
Estimation of Deer Population by Means of Indirect Methods: Distance method, Fecal Accumulation Rate, Fecal Standing Crop at the Antisana Paramo in Ecuador;Henry José Herrera Palacios;2019;Ecología de páramo;Becas;Finalizado;-0.487926;-78.210394;"Estimó la población de venado de cola blanca en el páramo del Área de Conservación Hídrica Antisana mediante conteos desde puntos de observación y tres métodos indirectos: acumulación y permanencia de heces, y muestreo por distancias. Los resultados variaron de 668,55 a 956,67 individuos, según el método; el conteo directo estableció un mínimo de 760. Los venados prefirieron vegetación herbácea húmeda y luego seca. El muestreo por distancias y el recuento de heces fueron los más fiables, recomendándose el primero para monitoreo futuro."
Estudio de la influencia de la morfología del embalse Salve Faccha en su estado trófico actual;"Jonathan Paúl Cabascango Gualacata; Daniel Fernando Guachamín Andrade";2018;Manejo de embalses;Becas;Finalizado;-0.367911;-78.165984;"Estudió la relación entre morfología, evolución y estado trófico del embalse Salve Faccha mediante batimetría con ecosonda en 51 transectos, ortofotografías y análisis físico-químicos de agua. Calculó parámetros morfométricos, índice trófico modificado de Toledo Jr. y criterios OECD. Para 2017, el volumen se había reducido aproximadamente 3 % respecto de 2007, con pérdida predominante en la zona lacustre. El embalse fue clasificado como eutrófico; su cubeta es poco profunda, extensa y alargada, condiciones que favorecen disponibilidad de nutrientes."
Evaluación de la edad del resto de poda de Lantana camara como material de empaque en un sistema de biofiltración para aguas residuales domésticas;David Andrés Moreno Jaya;2019;Análisis Socioeconómicos y Ambientales;Becas;Finalizado;-0.202909;-78.490845;"Evaluó cómo la edad y granulometría de restos de poda de Lantana camara influyen en biofiltros de aguas residuales domésticas del laboratorio de Ingeniería Ambiental de la EPN, Quito. Se operaron cuatro reactores a escala de laboratorio, con materiales gruesos o finos y con o sin espinas, monitoreando DQO semanalmente y pH, temperatura, color y turbidez a diario. El material fino sin espinas alcanzó la mayor remoción media de DQO, 60,59 %; todos los biofiltros estabilizados superaron 54 %."
Evaluación de la herramienta de simulación del recurso hídrico Hydro-BID para la cuantificación de la disponibilidad de agua en la cuenca alta del río Guayllabamba y unidades hídricas aportantes de agua para el Distrito Metropolitano de Quito;Viviana Paola Bravo Ortiz;2020;Hidrología;Becas;Finalizado;-0.517488;-78.219954;Evaluó Hydro-BID para cuantificar disponibilidad hídrica en la cuenca alta del Guayllabamba y unidades aportantes al Distrito Metropolitano de Quito. Alimentó y calibró el modelo con precipitaciones, temperaturas y caudales diarios, contrastando simulaciones con observaciones en numerosas estaciones y unidades hidrográficas. La herramienta reprodujo aceptablemente los caudales medios diarios, pero tendió a sobreestimar picos altos y subestimar caudales bajos, en parte por incertidumbre de entradas y falta de representación del aporte glaciar. El estudio destaca la importancia de mejorar datos de monitoreo.
Evaluación de la respuesta fenológica y morfológica de 13 especies de plantas de páramo ante un calentamiento experimental;Mauricio Gabriel Sáenz Lituma;2019;Cambio climático y global;Becas;Finalizado;-0.473508;-78.184691;Evaluó la respuesta fenológica y morfológica de 13 especies de plantas del páramo del Antisana frente a un calentamiento experimental en cámaras abiertas. Registró fases reproductivas y las comparó con datos climáticos y plantas sin calentamiento. No encontró un desplazamiento fenológico general significativo, aunque algunas fenofases se adelantaron hasta dos meses dentro de las cámaras. La producción de estructuras reproductivas fue menor bajo calentamiento. La floración y fructificación no fueron sincrónicas entre especies y la precipitación aparece como un factor potencialmente relevante.
Evaluación de riesgos por la propagación del volumen de avenida de la Represa Rumipamba Alto ubicado en el barrio la Primavera, parroquia Belisario Quevedo en el Centro-Norte de la Ciudad de Quito;"María José Haro Morales; José Alexander Saldarriaga Ibarra";2026;Manejo de embalses;Becas;Finalizado;-0.178598;-78.509722;Evaluó la propagación de una onda de avenida bajo escenarios hipotéticos de falla de la represa Rumipamba Alto, en la quebrada Rumipamba de Quito. Integró levantamiento GNSS-RTK, fotogrametría con dron, modelos digitales de terreno de EPMAPS, análisis hidrológico y modelación hidráulica bidimensional en Iber. Estimó extensión, calados, velocidades y tiempos de llegada, y elaboró zonificación de peligro y evaluación preliminar de exposición. El área inundada varió de aproximadamente 0,23 km² sin avenida a 2,94 km² en el escenario límite.
Evaluación de tres sustratos y un control de una especie de Polylepis (Polylepis incana) para la restauración de un ecosistema nativo en el Área de Protección Hídrica Ponce Paluguillo;Alcides Guzman;2025;Restauración de la cobertura vegetal;Becas;Finalizado;-0.152846;-78.213567;El estudio evaluó cuatro tratamientos de sustrato para propagar esquejes de Polylepis incana en el vivero de Ponce Paluguillo, como apoyo a la restauración. Contrastó mezclas de tierra negra, tierra de páramo, hojarasca y cascajo mediante propiedades físico-químicas, densidad, nutrientes y respuesta de las plántulas. Los tratamientos no difirieron en pH, conductividad, potencial redox ni cenizas, pero sí en densidad, nitrógeno y fósforo. Concluye que la porosidad, baja compactación y balance de materia orgánica son determinantes para el establecimiento inicial.
Evaluación del servicio ecosistémico correspondiente a la producción de agua en la cuenca alta del río Guayllabamba utilizando el modelo computacional InVEST;Sandra Janeth Torres Paguay;2018;Economía Ecológica y Economía Ambiental;Becas;Finalizado;-0.322179;-78.427593;"Evaluó el servicio ecosistémico de producción de agua en la cuenca alta del río Guayllabamba mediante el modelo InVEST. Integró una red de 133 pluviómetros, precipitación satelital corregida, evapotranspiración, caudales de 12 subcuencas y cobertura y uso del suelo para un balance hídrico anual espacialmente distribuido. Generó mapas de rendimiento hídrico para apoyar delimitación de zonas de conservación y manejo sostenible. El modelo mostró rendimientos de hasta 1.500 mm por año en zonas altas cercanas a Antisana, Cayambe y Pichincha; además reveló la importancia de corregir datos globales de precipitación con observaciones de campo."
Evaluación espacial de la dinámica de sedimentos y de color real en los ríos Jatunhuayco y Antisana del sistema de agua La Mica Quito Sur;"María Cristina Alarcón Espinoza; Jhonny Alexander Flores Ruales";2026;Hidrología;Becas;Finalizado;-0.502216;-78.246818;"Evaluó la dinámica de sedimentos y el color real en los ríos Jatunhuayco y Antisana del sistema La Mica–Quito Sur, entre diciembre de 2024 y mayo de 2025. Realizó campañas en varios puntos, mediciones de caudal con micromolinete y dilución química, análisis de fracciones de sólidos, turbidez, color, pH, temperatura y oxígeno, y procesamiento en RStudio y QGIS. Jatunhuayco registró mayores sedimentos y variaciones de color; Antisana fue más estable por su origen glaciar y aportes de ojos de agua."
Flujo génico entre poblaciones de Polylepis incana Kunth. y P. racemosa Ruiz & Pav. del Área de Conservación de Paluguillo en la Estación Científica Agua y Páramo en Pichincha;Dominique Alejandra Vargas Salinas;2021;Ecología de páramo;Becas;Finalizado;-0.161739;-78.222406;Determinó si existe flujo génico entre Polylepis incana y P. racemosa en Paluguillo y la Estación Científica Agua y Páramo. Genotipó 60 individuos de seis poblaciones con ocho marcadores ISSR y comparó la forma foliar mediante morfometría geométrica. Encontró baja diversidad genética, 98 % de bandas polimórficas y mayor variabilidad dentro que entre poblaciones. No identificó híbridos, pero evidenció intercambio génico, estimado en 0,9 individuos por generación, y similitud entre ciertas poblaciones de ambas especies.
Identificación de los controladores hidrometeorológicos en la concentración de Carbono Orgánico Disuelto (COD) en humedales del páramo del norte de Ecuador;"Christian Ricardo Naranjo Ulloa; Andrea Marcela Calle Cabrera";2022;Cambio climático y global;Becas;Finalizado;-0.5;-78.2;Identificó los factores hidrometeorológicos que controlan las concentraciones de carbono orgánico disuelto en humedales de páramo del norte de Ecuador, incluidos Jatunhuaycu, Pugllohuma y Tungurahua. Analizó características intrínsecas, calidad y completitud de series, condiciones antecedentes, correlaciones y regresiones entre COD/DOC, caudal, precipitación y variables climáticas. Las mejores correlaciones se encontraron con caudal y precipitación en la mayoría de humedales, excepto una relación débil con precipitación en Jatunhuaycu. Los resultados aportan criterios para conservación, calidad de agua y balance de carbono.
Identificación taxonómica de las especies de cianobacterias y microalgas del embalse Salve Faccha, perteneciente a la Red de Agua Potable Papallacta, Parque Nacional Cayambe-Coca, Cordillera Real del Ecuador;Kelly Nicole López Valdivieso;2019;Manejo de embalses;Becas;Finalizado;-0.371826;-78.169701;Identificó cianobacterias y microalgas del embalse Salve Faccha, dentro de la red Papallacta y el Parque Nacional Cayambe-Coca. Realizó muestreo, visualización directa, aislamiento y caracterización de cianobacterias, además de un atlas taxonómico basado en microscopía. Encontró comunidades típicas de ecosistemas altoandinos, con Chlorophyta, Charophyta, Ochrophyta, Cyanobacteria y Chrysophyta. La predominancia de clorofitas, diatomeas y cianobacterias, junto con taxones indicadores como Dolichospermum y Euglena, sugiere un proceso de enriquecimiento trófico y la necesidad de seguimiento.
Importancia del río glaciar en la diversificación de comunidades de carábidos de altura bajo un contexto de cambio climático;Fernando Josué Franco Salgado;2020;Cambio climático y global;Becas;Finalizado;-0.476405;-78.205883;Investigó cómo la cercanía a un río glaciar y las condiciones ambientales se relacionan con la diversidad de carábidos de altura en la ladera suroccidental del Antisana. Comparó comunidades en puntos altos cercanos y alejados del río, durante muestreos de campo, con identificación de especímenes y análisis de diversidad y variables microclimáticas. El punto alto cercano al río fue el más diverso y el alto lejano mostró mayor recambio de especies. También reportó posibles ampliaciones de distribución para cuatro especies, relevantes ante el cambio climático.
Influencia de factores fisicoquímicos sobre la comunidad de microalgas en lagos altoandinos;Dayana Anabel Martínez Rosero;2022;Ecología de páramo;Becas;Finalizado;-0.399664;-78.159037;"Analizó cómo factores físico-químicos se relacionan con comunidades de microalgas en lagos del sistema Papallacta–Oyacachi, durante octubre de 2020 y enero de 2021. Recolectó fitoplancton y perifiton, realizó tratamiento e identificación microscópica, y aplicó análisis de correspondencia canónica y similitud. Identificó 106 especies, entre ellas Navicula radiosa, Staurastrum chaetoceras y Tabellaria flocculosa. Lagos y reservorios tuvieron baja similitud florística; conductividad y transparencia fueron los factores más influyentes, mientras nutrientes no mostraron una relación mayor con la presencia de especies."
Limnological studies of HighAndean lakes in Ecuador;"Jorge E. Celi; David Guaña; Andrea Llumiquinga; Angeles Ramos; Bryan Rosero; Dayana Martínez";2022;Ecología de páramo;Becas;Finalizado;-0.383483;-78.142415;"El póster sintetiza un programa limnológico en el sistema lacustre Papallacta–Oyacachi, incluido el humedal Ñucanchi Turubamba, fuente principal de agua potable para Quito según el documento. Reúne estudios sobre dinámica de humedales, morfometría y biogeoquímica de lagos, microplásticos, microalgas y estratificación de Salve Faccha. Reporta frecuencias de inundación de 30,5–88,3 %, 106 especies de microalgas y microplásticos en agua y sedimentos; además identifica cinco tipos de lagos y una leve tendencia a estratificación del embalse."
Mapeo dinámico de humedales de páramo (bofedales) utilizando Water Cloud Model (WCM) a través de imágenes radar en banda C y polarizaciones VH, VV del satélite Sentinel-1;Luis Fabian Huaraca Huaraca;2025;Hidrología;Becas;Finalizado;-0.499605;-78.243118;"Mapeó dinámicamente bofedales en 401.531 ha de interés hídrico FONAG/EPMAPS en Pichincha, Napo y Cotopaxi mediante imágenes Sentinel-1 y Sentinel-2, clasificación supervisada y Water Cloud Model calibrado con humedad superficial in situ. Comparó cartografía óptica, radar y basada en humedad para evaluar cambios intra e interanuales, con énfasis en Jatunhuaycu. La integración óptica-radar permitió análisis dinámico; 2023 registró 28.972 ha de humedales. El modelo calibrado en Jatunhuaycu alcanzó R=0,79, aunque subestimó el área frente a la clasificación radar."
Modelo multitemporal del cambio de cobertura vegetal y uso de suelo en las cuencas de los ríos Machángara, Monjas y San Pedro en el Distrito Metropolitano de Quito entre 1990 al 2024;"Luis Andrés Constante Veloz; Andy Moisés Osorio Aules";2025;Análisis Socioeconómicos y Ambientales;Becas;Finalizado;-0.24762;-78.511982;"Modeló los cambios de cobertura y uso del suelo en las cuencas Machángara, Monjas y San Pedro del Distrito Metropolitano de Quito entre 1986 y 2024, con proyecciones a 2045. Procesó imágenes Landsat en RStudio y SIG, aplicó correcciones, clasificación supervisada Random Forest, cartografía anual, tasas quinquenales y matrices de transición bajo Corine Land Cover. La urbanización fue el cambio dominante: aumentó en Machángara y Monjas y se proyecta también en San Pedro; se recomiendan contener su expansión, conservar páramo, restaurar bosques y proteger suelos estratégicos."
Presence of Myxoma Virus and Rabbit Hemorrhagic Disease Virus in Sylvilagus andinus in the Antisana Hydrological Conservation Area;Cristian Guzmán Arias;2021;Ecología de páramo;Becas;Finalizado;-0.484752;-78.19734;"Examinó la presencia de virus Myxoma y de la enfermedad hemorrágica del conejo en Sylvilagus andinus capturados en el Área de Conservación Hídrica Antisana. Aplicó PCR convencional para MYXV, RT-PCR para RHDV y secuenciación de amplicones. Confirmó dos muestras positivas para MYXV y dos para RHDV; bajo la interpretación del estudio, nueve de 23 individuos portarían MYXV y tres RHDV. Los hallazgos señalan un riesgo sanitario para conejos silvestres y motivan ampliar el muestreo y evaluar efectos poblacionales."
Pronóstico de caudales bajos en la cuenca del río Pita mediante inteligencia artificial como soporte para la gestión del abastecimiento de agua potable del Distrito Metropolitano de Quito;Roger Steven Vega Yautibug;2026;Hidrología;Becas;Finalizado;-0.415632;-78.330418;"Exploró la sensibilidad de redes LSTM para pronosticar caudales bajos del río Pita, fuente del sistema Pita–Puengasí que abastece al Distrito Metropolitano de Quito, con anticipaciones de 1, 7, 15 y 35 días. Construyó modelos con caudal, nivel de agua, humedad relativa, precipitación, radiación solar y temperatura; comparó funciones de pérdida, rezagos y combinaciones de entradas mediante RMSE, MAE, MAPE y métricas de firma. Las variables hidrométricas fueron decisivas, y su combinación con variables meteorológicas y rezagos adecuados mejoró el desempeño."
Propuesta de mejora para la Gestión del Agua en el Sistema Pita-Puengasí del Distrito Metropolitano de Quito con base en la Huella Hídrica, período 2023-2024;"Ariel Alejandro Palacios Loor; Junior Alexander Zambrano Vera";2026;Economía Ecológica y Economía Ambiental;Becas;Finalizado;-0.236666602;-78.4930864;"Evaluó la huella hídrica del sistema de agua potable Pita–Puengasí, incluyendo captación, conducción y planta de tratamiento, con datos 2023–2024 y lineamientos ISO 14046 y Water Footprint Network. Delimitó procesos, unidades funcionales y tres sectores para cuantificar componentes azul, verde y gris, y formuló propuestas de mejora evaluadas por viabilidad técnica y económica. Estimó una huella de 38,20 Mm³, equivalente al 34,20 % del agua producida; 97,9 % fue azul y la conducción concentró 94,27 % del total."
Caracterización hidrogeofísica espaciotemporal del subsuelo somero en la cuenca alta del río Jatunhuaycu mediante Tomografía de Resistividad Eléctrica time-lapse (ERT 4D);No identificado (Diana Cuasapaz figura en metadato del archivo);2026;Hidrogeología;Proyectos de investigación;En curso;-0.46537;-78.20183;El proyecto busca resolver vacíos sobre almacenamiento, saturación y rutas preferenciales de agua en los humedales de la cuenca alta del río Jatunhuaycu, dentro de ACHA. Aplicará Tomografía de Resistividad Eléctrica 4D con perfiles repetidos en épocas seca y lluviosa, integrada con registros hidrometeorológicos, nivel freático y calidad de agua. Se espera identificar zonas de recarga, conectividad y rehumectación, y generar un atlas multitemporal, guía técnica, informe y artículo para apoyar conservación y restauración.
Caracterización hidrogeológica de las vertientes occidentales del volcán Antisana como parte de los estudios de los glaciares y páramos frente al cambio climático;Elizabeth Carolina Alvarado Obando;2009;Hidrogeología;Proyectos de investigación;En curso;-0.50683;-78.21702;Esta investigación caracteriza las vertientes occidentales del volcán Antisana para identificar fuentes de agua y comprender su relación con glaciares y páramos ante el cambio climático. Combina revisión cartográfica y fotogeológica, reconocimiento geológico de campo, inventario de puntos de agua, muestreo de rocas y agua, mapas temáticos y estimación de reservas. El documento reporta que el aporte hídrico sería mayoritariamente glaciar y recomienda perforaciones y ensayos de acuíferos para precisar espesores y transmisividad.
Censos y jornadas: análisis de población de venados;Henry Herrera;2026;Ecología de páramo;Proyectos de investigación;En curso;-0.515327;-78.229418;El informe automatizado sistematiza censos visuales de venados realizados entre 2018 y 2025. Compara máximos observados y tasas finitas de crecimiento por intervalos, e incorpora la preferencia histórica por hábitats como páramo herbáceo, cojines y pajonal. Registra una recuperación del 17 % entre 2024 y 2025, tras una disminución entre 2021 y 2023, y una tasa geométrica media cercana a 6 %. La serie queda planteada como seguimiento poblacional continuo.
ChuquirAgua: Ciencia ciudadana que alerta sobre sequías, racionamiento eléctrico, incendios y degradación del agua en comunidades locales;No identificado (documento firmado por Carlos Javier Torres Miño);2025;Análisis Socioeconómicos y Ambientales;Proyectos de investigación;En curso;-0.93215;-78.61555;ChuquirAgua busca codiseñar con habitantes una aplicación de alertas frente a sequías, racionamiento eléctrico, incendios y degradación del agua. Durante 18 meses, laboratorios ciudadanos de Pichincha y Cotopaxi medirán caudales y calidad de agua en sus cuencas mediante equipos de bajo costo y kits de análisis. Los datos llegarán en tiempo real a un servidor, la aplicación y una web. Se esperan evidencia para mitigación y un sistema ciudadano escalable.
Consultoría para levantar una línea base de la unidad hidrográfica del río El Cinto, occidente del DMQ y proponer un plan de acción;"Susana Escandón; Melania Intriago; Sergio Torres; Daniela Cadena; Juan Javier Aguirre; Carla Pérez";2016;Análisis Socioeconómicos y Ambientales;Proyectos de investigación;En curso;-0.217505985;-78.55507634;La consultoría levantó una línea base socioambiental de la unidad hidrográfica del río El Cinto, en la parroquia Lloa y occidente del DMQ, para orientar acciones del FONAG. Combinó revisión de información secundaria, cartografía, recorridos y parcelas de campo, encuestas, talleres y análisis de gobernanza, agua, cobertura y actividades productivas. El diagnóstico registró presión por incendios y erosión, aunque sin cambios relevantes de páramo entre 2001 y 2014, y propuso monitoreo, restauración, educación, fortalecimiento organizativo y producción sostenible.
Determinación de actinomicetos en los sedimentos del embalse Salve Faccha;No identificado;s. f.;Manejo de embalses;Proyectos de investigación;En curso;-0.4486;-78.18266;La propuesta evalúa la presencia, diversidad y concentración de actinomicetos en sedimentos del embalse Salve Faccha, con atención a su posible relación con metabolitos como geosmina y la calidad del agua. Plantea colectar 15 muestras en distintos puntos y profundidades, aislar y caracterizar microorganismos en laboratorio y medir condiciones fisicoquímicas del sedimento. Se esperan identificar especies, patrones de distribución y factores asociados, para plantear recomendaciones de seguimiento y manejo del embalse.
Fortalecimiento de capacidades para el establecimiento de medidas de restauración de ecosistemas de montaña y la generación de evidencia científica sobre sus impactos en la provisión de servicios ecosistémicos hídricos (Fase II);"Bert De Bièvre; Helder Mallqui Meza";2023;Restauración de la cobertura vegetal;Proyectos de investigación;En curso;-0.49369;-78.18814;La Fase II retoma la cooperación Ecuador–Perú para fortalecer capacidades de restauración de ecosistemas de montaña y producir evidencia sobre sus efectos en servicios hídricos. Involucra páramos del Área de Conservación Hídrica Antisana y Alto Pita, y pastizales y bofedales de Áncash. Prevén reuniones técnicas, intercambios y visitas de campo, definición de indicadores y monitoreo común. Los productos esperados incluyen un documento compartido de lecciones, avances técnicos y líneas de colaboración para gestión y políticas.
Implementación de estrategias de protección de la cuenca hidrográfica de la quebrada Rumipamba, en el noroccidente de Quito, a través de la educación ambiental, el monitoreo hidrometeorológico e infraestructura para manejo del lugar;No identificado;2024;Análisis Socioeconómicos y Ambientales;Proyectos de investigación;En curso;-0.18304;-78.51839;El proyecto de vinculación protege la cuenca de la quebrada Rumipamba, en el noroccidente de Quito, mediante educación ambiental, monitoreo y obras de manejo. Entre 2024 y 2026 contempla estrategias educativas e infraestructura demostrativa, instalación y validación de datos hidrometeorológicos y un estudio hidrológico-hidráulico sobre amenazas asociadas a la presa de Rumiloma. También prevé capacitación comunitaria, materiales de divulgación y un mapa de amenazas. Los productos esperados apoyarán decisiones de conservación y seguridad local.
INABIOsoil: Innovación en la evaluación del manejo en suelos de páramo;Instituto Nacional de Biodiversidad (INABIO);s. f.;Ecología de páramo;Proyectos de investigación;En curso;-0.475484195;-78.2348678;INABIOsoil propone evaluar cómo el manejo modifica la biodiversidad y el funcionamiento de suelos de páramo intervenidos por FONAG. Comparará una cuadrícula de sitios con y sin pastoreo, áreas erosionadas y pajonal mediante análisis fisicoquímicos, extracción de ADN, metabarcoding 16S, bioinformática y pruebas metabólicas de carbono. El proyecto busca establecer una línea base de riqueza, composición y funciones microbianas. Sus resultados esperados son indicadores para valorar restauración y orientar el manejo de estos suelos.
Informe de monitoreo de gases de efecto invernadero en Jatunhuayco y Pullurima;No identificado;2024;Cambio climático y global;Proyectos de investigación;En curso;-0.47916;-78.21487;"El informe de monitoreo compara el intercambio de CO₂ y CH₄ en los humedales Jatunhuaycu, restaurado desde 2011, y Pullurima, con pastoreo, dentro de ACHA. Entre agosto y diciembre de 2023 se instalaron transectos y pozos, y se realizaron mediciones mensuales con cámara Picarro junto con nivel freático y variables ambientales. Los resultados preliminares muestran mayor asimilación de CO₂ y menores flujos de CH₄ en Jatunhuaycu; el documento recomienda ampliar el periodo de observación para confirmar tendencias."
Monitoreos ACHA Atacazo y ACH Pita: primera etapa de monitoreo y aforos;Miguel Ángel Rosero Clavijo;2025;Hidrología;Proyectos de investigación;En curso;-0.318338263;-78.60175511;La primera etapa de monitoreo en ACHA Atacazo y la microcuenca del río Pita realizó tres campañas de septiembre a octubre de 2025 en 23 puntos. Se midieron in situ pH, conductividad, turbidez, oxígeno disuelto y temperatura, se tomaron muestras químicas e isotópicas y se aforó con trazador salino. Los datos describen aguas de alta montaña generalmente poco mineralizadas y de buena calidad, con variaciones locales. El informe recomienda mantener las campañas para caracterizar estacionalidad y caudales.
Preserving the natural carbon storage capacity of páramo wetlands and volcano glaciers through autonomous aerial monitoring and computer vision: Pilot program at the Antisana natural reserve in Ecuador;No identificado;2023;Cambio climático y global;Proyectos de investigación;En curso;-0.48779;-78.17423;El programa piloto en la Reserva Natural Antisana busca conservar la capacidad de almacenamiento de carbono de humedales de páramo y glaciares. Desarrollará un marco basado en imágenes aéreas y satelitales, visión computacional y trabajo con actores locales para monitorear salud de vegetación, disponibilidad de agua y dinámica glaciar. Con modelos de escenarios identificará amenazas y priorizará acciones. Los productos previstos incluyen información operativa para conservación, capacitación y métodos transferibles a otros paisajes de montaña.
Procesos ecológicos de 4 embalses que abastecen de agua potable al DMQ, ubicados en los páramos andinos;Mario Guallpa (metadato del documento);2025;Manejo de embalses;Proyectos de investigación;En curso;-0.51342;-78.17468;"La investigación estudia los procesos ecológicos que determinan el estado trófico de los embalses Salve Faccha, Mogotes, Sucus y La Mica, fuentes para el DMQ. Realizará muestreos trimestrales de agua, sedimentos, afluentes y biota; medirá variables fisicoquímicas, nutrientes, carbono, gases y comunidades planctónicas, bentónicas y de peces. Integrará índices tróficos y análisis de redes alimentarias. Sus productos previstos son una base de datos hidroecológica y criterios de manejo de los cuatro embalses."
Propuesta metodológica para el monitoreo del impacto de las acciones que implementa el FONAG en el acceso a agua segura en áreas rurales del Distrito Metropolitano de Quito;"Paola Fuentes Salcedo; Lorena Coronel Tapia (directora)";2024;Análisis Socioeconómicos y Ambientales;Proyectos de investigación;En curso;-0.23151;-78.49562;La propuesta de titulación diseña una metodología para medir el impacto de las acciones del FONAG en el acceso a agua segura en comunidades rurales del Distrito Metropolitano de Quito. Articula dimensiones ecológicas, técnicas y sociales, y plantea indicadores, instrumentos de evaluación y participación de FONAG y usuarios. El trabajo busca convertir el seguimiento en una herramienta aplicable para priorizar intervenciones y evidenciar cambios. El producto previsto es una metodología con indicadores y recomendaciones para el monitoreo institucional.
Respuestas glacio-eco-hidro-biogeoquímicas al cambio climático en volcanes andinos tropicales;"G. H. C. Ng (PI citado); equipo interdisciplinario";2023;Cambio climático y global;Proyectos de investigación;En curso;-0.02996;-77.98664;Este proyecto interdisciplinario examina cómo el cambio climático y el retroceso glaciar afectan la cantidad y calidad del agua, la vegetación y los ciclos biogeoquímicos en los volcanes Cayambe, Antisana, Chimborazo y Cotopaxi. Integra observaciones de glaciares, hidrología, ecología y química, junto con colaboración con comunidades indígenas. Busca relacionar los cambios desde las lenguas glaciares hasta usuarios aguas abajo y construir modelos predictivos. Se esperan escenarios de vulnerabilidad, protocolos de monitoreo y recomendaciones de adaptación y conservación.
Tracing Water Origins and Quality in the Páramo and Glacial Ecosystems of the Ecuadorian Andes;Brigham Young University y Universidad San Francisco de Quito (equipo no individualizado en extracto);s. f.;Hidrología;Proyectos de investigación;En curso;-0.55067;-78.17356;La iniciativa estudia el origen y la calidad del agua en ecosistemas de páramo y glaciares de Antisana, Cayambe, Cotopaxi y Chimborazo. Medirá contribuciones de precipitación, deshielo y agua subterránea, así como variables fisicoquímicas, metales traza y biodiversidad mediante ADN ambiental y macroinvertebrados. Integrará análisis geoespacial y modelos ecológicos. Se esperan bases de datos abiertas, artículos, reportes comunitarios y capacitación para mejorar la gestión de las fuentes de agua altoandinas.
Atlas de microalgas y cianobacterias del fitoplancton y perifiton: Embalse La Mica;"Katherin Clavijo Páez; Karen Rodríguez Sabando; Diana Ontaneda Andrade; Andrés Arévalo; Diana Astorga García";2020;Manejo de embalses;Proyectos de investigación;Finalizado;-0.49992;-78.16541;"El atlas caracterizó microalgas y cianobacterias del fitoplancton y perifiton del embalse La Mica y sus afluentes. Entre mayo y octubre de 2019 se efectuaron muestreos a diferentes profundidades con botellas y red, y colectas de perifiton en ríos, dique, rocas y muelle; las muestras se identificaron microscópicamente y por cultivo. Registró ocho divisiones, con predominio de clorofitas y ocrófitas. El documento recomienda monitorear sistemáticamente géneros potencialmente nocivos."
Caracterización de macrofósiles a lo largo de perfiles de turba en dos humedales altoandinos dentro del Área de Conservación Hídrica Antisana;Dominique Vargas;2022;Ecología de páramo;Proyectos de investigación;Finalizado;-0.47953;-78.20763;"La consultoría caracterizó macrofósiles vegetales de perfiles de turba de Pugllohuma y Jatunhuaycu, en ACHA, para aportar una línea base paleoambiental a la restauración de humedales afectados por ganadería. El Producto 1 definió muestreo de núcleos y análisis microscópico; el Producto 2 examinó perfiles de 150 y 185 cm. Identificó cinco taxones, depósitos de ceniza y cambios de vegetación. Reportó señales de disturbio ganadero y recuperación reciente, y propuso especies y análisis complementarios para restauración."
Delineation of water flow paths in a tropical Andean headwater catchment with deep soils and permeable bedrock;"Braulio Lahuatte; Giovanny M. Mosquera; Sebastián Páez-Bimos; Marlon Calispa; Veerle Vanacker; Xavier Zapata-Ríos; Teresa Muñoz; Patricio Crespo";2022;Hidrogeología;Proyectos de investigación;Finalizado;-0.505277778;-78.24138889;El artículo delimitó las rutas de flujo de agua en la subcuenca JTU_01 del Observatorio Experimental Jatunhuaycu, dentro de ACHA. Durante marzo de 2019 a febrero de 2020 combinó hidrometría con isótopos estables en precipitación, agua de suelo, humedales y caudal, y analizó proxies de tiempo de tránsito. Encontró predominio de flujos verticales y subsuperficiales a través de cenizas volcánicas, suelos profundos y fracturas, con alto almacenamiento y escaso escurrimiento superficial. Plantea manejo específico al sitio.
Dye tracer study in the Jatunhuaycu watershed, Napo, Ecuador;FONAG;2018;Hidrología;Proyectos de investigación;Finalizado;-0.45396;-78.2027;La propuesta de trazadores en la cuenca Jatunhuaycu buscó aclarar conexiones subterráneas, especialmente en la microcuenca 2, donde el monitoreo previo mostraba menor regulación y posible desvío de infiltración. Planteó combinar datos de lluvia y caudal con inyecciones de fluoresceína y eosina, muestreadores de carbón activado instalados en manantiales y río, y seguimiento hasta seis meses. Se esperaba estimar rutas y tiempos de residencia, identificar zonas de recarga y ajustar las acciones de restauración y manejo integrado.
Emergencia de plántulas nativas mediante la técnica de siembra directa y crecimiento y supervivencia de siembra de plántulas de Chuquiraga jussieui en el Páramo del Antisana;No identificado (archivo asociado a Byron Medina);s. f.;Restauración de la cobertura vegetal;Proyectos de investigación;Finalizado;-0.49313;-78.21556;"El informe evaluó la emergencia por siembra directa de cuatro especies nativas y el crecimiento y supervivencia de plántulas de Chuquiraga jussieui en páramo del Antisana. Instaló parcelas en pajonal, arbustal-pajonal, arenal y páramo conservado, con tratamientos de sombra y exclusión de herbívoros. Chuquiraga fue la única especie que emergió en todas las coberturas y la única en arenal. Las diferencias entre coberturas no fueron significativas; la protección y sombra favorecieron la supervivencia, ofreciendo criterios para restauración."
Estudio geológico y geofísico de la cuenca del río Jatunhuaycu, escala 1:10 000;"Fausto Carranco; Wladimir Romero; Luis Jaramillo; Jonathan Suárez; Carlos Abril y equipo IIGE";2018;Geología, Sismología y Vulcanología;Proyectos de investigación;Finalizado;-0.461504202;-78.23375799;El estudio geológico-geofísico de Jatunhuaycu, a escala 1:10.000, buscó reconocer estructuras y zonas de almacenamiento subterráneo de agua para orientar la gestión de la cuenca. Combinó cartografía geológica, reconocimiento de campo, análisis de rocas y diez líneas de tomografía eléctrica. Identificó una zona superficial saturada, otra de saturación media en profundidad y el control de fallas sobre la hidrología. Recomienda perforaciones y piezómetros para verificar los cuerpos acuíferos e integrar la información al monitoreo.
Hand searching versus pitfall trapping: how to assess biodiversity of ground beetles (Coleoptera: Carabidae) in high altitude equatorial Andes?;"Mauro Gobbi; Álvaro Barragán; Mattia Brambilla; Emilia Moreno; Washington Pruna; Pierre Moret";2018;Ecología de páramo;Proyectos de investigación;Finalizado;-0.029629;-77.984247;"El estudio comparó la búsqueda manual y las trampas de caída para inventariar carábidos en páramos ecuatoriales de alta altitud, en seis volcanes y en franjas de páramo alto y superpáramo. En 28 sesiones de muestreo registró riqueza, abundancia y esfuerzo de cada técnica. La búsqueda manual detectó ligeramente más especies y fue más eficiente en tiempo. Los autores recomiendan combinar ambos métodos en páramo alto para inventarios exhaustivos; en superpáramo las técnicas resultaron comparables."
Humboldt’s Tableau Physique revisited;"Pierre Moret; Priscilla Muriel; Ricardo Jaramillo; Olivier Dangles";2019;Ecología de páramo;Proyectos de investigación;Finalizado;-1.46931;-78.81657;El artículo revisó críticamente los datos botánicos del Tableau Physique de Humboldt a partir de documentos históricos, herbarios y muestreos florísticos repetidos en localidades atribuidas al Chimborazo y Antisana. Encontró que buena parte de las observaciones altas del gráfico no podía verificarse o estaba mal localizada, principalmente en Antisana. La comparación temporal mostró expansiones altitudinales de la flora de aproximadamente 215 a 266 metros en 215 años, consistentes con una respuesta al calentamiento.
Interacciones ecológicas y ensamblaje de comunidades en ecosistemas vulnerables al cambio climático;Sofía Carvajal Endara;2022;Cambio climático y global;Proyectos de investigación;Finalizado;-0.080713;-77.989204;El proyecto estudia cómo las interacciones ecológicas y el ensamblaje de comunidades responden al cambio climático en trópicos altoandinos e islas oceánicas tropicales. Combina revisión sistemática, muestreos de diversidad, experimentos en comunidades y modelos de redes e idoneidad. Aborda relaciones planta-animal en páramo ecuatoriano, parásitos de anuros altoandinos y depredación de semillas por pinzones en Galápagos. Sus productos esperados son prioridades de investigación, redes de interacción y predicciones para incorporar procesos clave en conservación.
Observaciones del flujo de carbono, energía y agua en el ecosistema del páramo dentro del Área de Conservación Hídrica del Antisana;"Xavier Zapata-Ríos; Leandro Robaina; David Carchipulla; Sandra Torres; Carmen Elena Lopez";2022;Cambio climático y global;Proyectos de investigación;Finalizado;-0.478;-78.217;La presentación documenta observaciones de flujos de carbono, energía y agua en un sitio de páramo de ACHA, Antisana, a 4.250 m. Explica el uso de covarianza de remolinos y reporta balances de precipitación, evapotranspiración y CO₂ para 2021–2022. El registro mostró evapotranspiración diaria media de 1,37 mm y un balance anual neto de CO₂ negativo, interpretado como sumidero. El trabajo aporta una primera referencia para seguir la función climática e hidrológica del páramo.
Propuesta para la determinación de la eficacia de comunidades de macroinvertebrados como indicadores en el análisis del estado ecológico del humedal Pugllohuma;"Esteban Andrés Castañeda Chávez; Wanky Roberto Conejo Gualacata";s. f.;Ecología de páramo;Proyectos de investigación;Finalizado;-0.508642;-78.193517;El proyecto evaluó la utilidad de macroinvertebrados como indicadores del estado ecológico del humedal Pugllohuma, comparando cinco pozas en recuperación con cinco sin recuperación. Caracterizó hábitat, conectividad, vegetación y variables fisicoquímicas, y aplicó análisis multivariados a riqueza y abundancia. Identificó 11 familias de macroinvertebrados y relaciones significativas con el entorno físico y químico. Las pozas recuperadas, de mayor tamaño y conectividad, mostraron una composición más favorable, aportando una línea base para la restauración.
Proyecto Trazadores Colorimétricos A.C.H. Atacazo: comprendiendo las rutas del flujo del agua;"Braulio Lahuatte; Luna Delerue; Mario Guallpa; Teresa Muñoz";s. f.;Hidrología;Proyectos de investigación;Finalizado;-0.35837;-78.56291;El proyecto de trazadores colorimétricos en ACHA Atacazo buscó comprender las conexiones hídricas de las cuencas Dique Norte y Carachas, asociadas al predio San Gabriel. Propuso inyectar eosina y fluoresceína en dos puntos y monitorear hasta seis puntos con fluorómetros o carbón activado durante seis meses, con apoyo de guardapáramos. Esperaba estimar tiempos de tránsito, localizar conexiones entre cabeceras, galerías y río, identificar zonas de recarga y posibles trasvases con Zapallar para orientar la gestión del agua.
Soil Moisture Forecast Using Transfer Learning: An Application in the High Tropical Andes;"Diego Escobar-González; Marcos Villacís; Sebastián Páez-Bimos; Gabriel Jácome; Juan González-Vergara; Claudia Encalada; Veerle Vanacker";2024;Hidrología;Proyectos de investigación;Finalizado;-0.483861111;-78.24393056;El estudio desarrolló pronósticos de humedad del suelo para la subcuenca JTU_01, en la vertiente occidental del Antisana, mediante aprendizaje por transferencia. Utilizó datos 2018–2022 de una estación meteorológica y sensores TDR en ocho perfiles bajo plantas en cojín y pajonal, y entrenó modelos neuronales. Los modelos transferidos reprodujeron con alta precisión series de sitios poco instrumentados. El resultado demuestra que la vegetación condiciona la humedad y que esta técnica puede ampliar el monitoreo hidrológico altoandino.
Soil–vegetation–water interactions controlling solute flow and chemical weathering in volcanic ash soils of the high Andes;"Sebastián Páez-Bimos; Armando Molina; Marlon Calispa; Pierre Delmelle; y cols.";2023;Geología, Sismología y Vulcanología;Proyectos de investigación;Finalizado;-0.483802778;-78.24380278;El estudio investigó cómo plantas en cojín y pajonales controlan el balance hídrico, los flujos de solutos y la meteorización de suelos de ceniza volcánica en los altos Andes ecuatorianos. Midió humedad, flujos y concentraciones en dos perfiles, y modeló la hidrología del suelo. Bajo cojines, la evapotranspiración fue 1,7 veces mayor y el drenaje profundo tres veces menor que bajo pajonal. La vegetación alteró el horizonte superficial y, mediante los flujos de agua, condicionó la movilización de solutos y la meteorización.
Variación en la dieta de las comunidades de la familia Carabidae en un gradiente altitudinal de la zona suroeste del volcán Antisana;Jamie Nicole Mora Bolaños;2023;Ecología de páramo;Proyectos de investigación;Finalizado;-0.52263;-78.2162;La disertación evaluó la dieta de comunidades de Carabidae a lo largo de un gradiente altitudinal del suroeste del volcán Antisana. Se emplearon trampas pitfall para capturar carábidos e invertebrados asociados y se examinó el contenido digestivo, con comparación estadística por altitud. Se identificaron diez especies, dominadas por Dyscolus orthomus. La composición y abundancia variaron significativamente con la altitud y se observaron diferencias dietarias entre especies, aportando información para conservación del páramo.
Vegetation effects on soil pore structure and hydraulic properties in volcanic ash soils of the high Andes;"Sebastián Páez-Bimos; Marcos Villacís; Oscar Morales; Marlon Calispa; Armando Molina; Silvia Salgado; Bert de Bievre; Pierre Delmelle; Teresa Muñoz; Veerle Vanacker";2022;Ecología de páramo;Proyectos de investigación;Finalizado;-0.483802778;-78.24380278;La investigación examinó ocho perfiles de suelos de ceniza volcánica en un sitio de 0,7 km² del páramo andino del norte de Ecuador, comparando plantas en cojín, pajonales y posiciones topográficas. Midió retención de agua, conductividad hidráulica saturada, densidad, porosidad, textura, carbono y raíces. La vegetación explicó más variación que la topografía: bajo cojines aumentaron la retención y el agua disponible, y la conductividad fue entre cuatro y doce veces mayor. El estudio demuestra el papel de la cobertura en la regulación hídrica.
When the Ice Has Gone: Colonisation of Equatorial Glacier Forelands by Ground Beetles (Coleoptera: Carabidae);"P. Moret; Á. Barragán; E. Moreno; S. Cauvy-Fraunié; M. Gobbi";2020;Cambio climático y global;Proyectos de investigación;Finalizado;-0.474383333;-78.15355;La investigación analizó la colonización de antecampos glaciares de Antisana y Carihuairazo por carábidos a lo largo de cronosecuencias de desglaciación. Usó parcelas de distintas edades, trampas de caída y análisis de diversidad y composición. Registró 12 especies en Antisana y comprobó que las especies pioneras persisten desde superficies jóvenes hasta las de más de dos siglos, en vez de ser reemplazadas de manera ordenada. Advierte que las especies adaptadas al frío pueden quedar confinadas en cumbres ante el retroceso glaciar.
;;;;;;;;
